scan_date,source,region,tool,task,pay,ai_mentioned,note
2026-10-03,onlinejobs.ph,US,QuickBooks Online,catch-up cleanup + job costing (construction),$10-15/hr,no,senior construction accountant
2026-10-03,onlinejobs.ph,US,QuickBooks Desktop,full-cycle bookkeeping,negotiable,no,US Eastern hours required
2026-10-03,onlinejobs.ph,UK,Xero,part-time bookkeeping,$6/hr,no,training company
2026-10-03,onlinejobs.ph,US,unspecified,bookkeeping,$4/hr,yes,self-described AI-powered bookkeeping firm
2026-10-03,onlinejobs.ph,US,QuickBooks Online,senior bookkeeping,PHP 85-100k/month,no,
2026-10-03,onlinejobs.ph,US,unspecified,bookkeeping + FP&A + inventory (DTC brand),$750/month,no,e-commerce
2026-10-03,onlinejobs.ph,US,QuickBooks,lead bookkeeper / review team,$1500-2000/month,no,
2026-10-03,onlinejobs.ph,US,QuickBooks,multi-location bookkeeping (auto body),$7/hr,no,
2026-10-03,onlinejobs.ph,US,QuickBooks Online,full-time bookkeeping (solar),$800/month,no,US Pacific hours
2026-10-03,onlinejobs.ph,AU,unspecified,bookkeeping,PHP 40-50k/month,no,needs 1+ yr AU experience
2026-10-03,onlinejobs.ph,AU,Xero,bookkeeping + payroll (NDIS),PHP 50k/month,no,award interpretation
2026-10-03,onlinejobs.ph,US,unspecified,bookkeeping + payroll (construction),$2.50/hr,no,
2026-10-03,onlinejobs.ph,US,QuickBooks Online,full-cycle bookkeeping (staffing),$1400/month,no,night shift
2026-10-03,onlinejobs.ph,US,QuickBooks/Wave,multi-entity real estate,$5/hr,no,
2026-10-03,onlinejobs.ph,CA,unspecified,senior bookkeeper/controller + month-end close,1500 CAD/month,no,
2026-10-03,onlinejobs.ph,AU,Xero,bookkeeping + payroll (hospitality),PHP 60k/month,yes,AI-native firm; automations do grunt work
2026-10-03,onlinejobs.ph,AU,Xero,bookkeeping + EA,850 AUD/month,no,
2026-10-03,onlinejobs.ph,US,QuickBooks,e-commerce (Amazon) bookkeeping,up to PHP 150k/month,no,
